;w1;w2;w3;expected;prdicted;cosine;group;result
0;алжир;алжир;ирак;багдад;иракского;0.9251920580863953;: capital-world;False
1;тунис;тунис;алжир;алжир;берб;0.8283739686012268;: capital-world;False
2;тунис;тунис;ирак;багдад;иракского;0.9251920580863953;: capital-world;False
3;мальчик;девочка;сестра;брат;брата;0.8761216402053833;: family;False
4;мальчик;девочка;сестры;братья;брата;0.8812499642372131;: family;False
5;мальчик;девочка;мать;отец;отец;0.898642897605896;: family;True
6;мальчик;девочка;королева;король;король;0.8512658476829529;: family;True
7;мальчик;девочка;женщина;мужчина;мужчина;0.8791054487228394;: family;True
8;мальчик;девочка;дочери;сыновья;сыном;0.9027518033981323;: family;False
9;брат;сестра;сестры;братья;братья;0.9078516960144043;: family;True
10;брат;сестра;мать;отец;братской;0.8536137342453003;: family;False
11;брат;сестра;королева;король;король;0.8639016151428223;: family;True
12;брат;сестра;женщина;мужчина;женщины;0.8232368230819702;: family;False
13;брат;сестра;дочери;сыновья;внука;0.8514422178268433;: family;False
14;брат;сестра;девочка;мальчик;юноши;0.829844057559967;: family;False
15;братья;сестры;мать;отец;братьями;0.8743832111358643;: family;False
16;братья;сестры;королева;король;король;0.8584491610527039;: family;True
17;братья;сестры;женщина;мужчина;женщины;0.827547013759613;: family;False
18;братья;сестры;дочери;сыновья;братьями;0.886502742767334;: family;False
19;братья;сестры;девочка;мальчик;юноши;0.8274722099304199;: family;False
20;братья;сестры;сестра;брат;братьями;0.9360626935958862;: family;False
21;отец;мать;королева;король;король;0.9250620007514954;: family;True
22;отец;мать;женщина;мужчина;мужчина;0.893024206161499;: family;True
23;отец;мать;дочери;сыновья;сына;0.9248527884483337;: family;False
24;отец;мать;девочка;мальчик;мальчиков;0.8996456265449524;: family;False
25;отец;мать;сестра;брат;братом;0.9353519082069397;: family;False
26;отец;мать;сестры;братья;братом;0.9210494160652161;: family;False
27;король;королева;женщина;мужчина;женщине;0.8722697496414185;: family;False
28;король;королева;дочери;сыновья;сына;0.9139567613601685;: family;False
29;король;королева;девочка;мальчик;юноши;0.8658726215362549;: family;False
30;король;королева;сестра;брат;братом;0.9156555533409119;: family;False
31;король;королева;сестры;братья;братом;0.9026764035224915;: family;False
32;король;королева;мать;отец;отец;0.9208536148071289;: family;True
33;мужчина;женщина;дочери;сыновья;сына;0.8930659890174866;: family;False
34;мужчина;женщина;девочка;мальчик;мальчика;0.9080613255500793;: family;False
35;мужчина;женщина;сестра;брат;брата;0.9029711484909058;: family;False
36;мужчина;женщина;сестры;братья;брата;0.8967223167419434;: family;False
37;мужчина;женщина;мать;отец;отец;0.9183081388473511;: family;True
38;мужчина;женщина;королева;король;король;0.8632791042327881;: family;True
39;сыновья;дочери;девочка;мальчик;мальчики;0.9070489406585693;: family;False
40;сыновья;дочери;сестра;брат;братом;0.919828474521637;: family;False
41;сыновья;дочери;сестры;братья;братом;0.9162201285362244;: family;False
42;сыновья;дочери;мать;отец;отец;0.9262698888778687;: family;True
43;сыновья;дочери;королева;король;король;0.9044149518013;: family;True
44;сыновья;дочери;женщина;мужчина;мужчины;0.856421709060669;: family;False
45;спокойный;спокойно;полностью;полный;целиком;0.8586347699165344;: gram1-adjective-to-adverb;False
46;спокойный;спокойно;эффективно;эффективный;эффективный;0.8862435817718506;: gram1-adjective-to-adverb;True
47;спокойный;спокойно;бесплатно;бесплатно;бесплатный;0.8632295727729797;: gram1-adjective-to-adverb;False
48;спокойный;спокойно;больше;наибольший;меньше;0.8617261648178101;: gram1-adjective-to-adverb;False
49;спокойный;спокойно;случайно;случайный;случайное;0.8137521743774414;: gram1-adjective-to-adverb;False
50;спокойный;спокойно;возможно;возможный;вероятно;0.8809812068939209;: gram1-adjective-to-adverb;False
51;спокойный;спокойно;точно;точный;точная;0.8452895879745483;: gram1-adjective-to-adverb;False
52;спокойный;спокойно;профессионально;профессиональный;профессиональная;0.8763739466667175;: gram1-adjective-to-adverb;False
53;спокойный;спокойно;быстро;быстрый;быстром;0.8622180223464966;: gram1-adjective-to-adverb;False
54;спокойный;спокойно;тихо;тихий;тихий;0.7948485016822815;: gram1-adjective-to-adverb;True
55;спокойный;спокойно;быстро;быстрый;быстром;0.8622180223464966;: gram1-adjective-to-adverb;False
56;спокойный;спокойно;редко;редкий;нечасто;0.8675963878631592;: gram1-adjective-to-adverb;False
57;спокойный;спокойно;безопасно;безопасный;безопасный;0.889155387878418;: gram1-adjective-to-adverb;True
58;спокойный;спокойно;серьезно;серьезный;серьезный;0.8880574703216553;: gram1-adjective-to-adverb;True
59;спокойный;спокойно;медленно;медленный;медленным;0.8759630918502808;: gram1-adjective-to-adverb;False
60;спокойный;спокойно;быстро;быстрый;быстром;0.8622180223464966;: gram1-adjective-to-adverb;False
61;спокойный;спокойно;типично;типичный;типичным;0.8518961071968079;: gram1-adjective-to-adverb;False
62;спокойный;спокойно;обычно;обычный;правило;0.8498825430870056;: gram1-adjective-to-adverb;False
63;полный;полностью;эффективно;эффективный;эффективный;0.900255560874939;: gram1-adjective-to-adverb;True
64;полный;полностью;бесплатно;бесплатно;бесплатной;0.8657935857772827;: gram1-adjective-to-adverb;False
65;полный;полностью;больше;наибольший;больший;0.8890969157218933;: gram1-adjective-to-adverb;False
66;полный;полностью;случайно;случайный;случайное;0.8038052916526794;: gram1-adjective-to-adverb;False
67;полный;полностью;возможно;возможный;вероятно;0.8800427913665771;: gram1-adjective-to-adverb;False
68;полный;полностью;точно;точный;точное;0.8364378213882446;: gram1-adjective-to-adverb;False
69;полный;полностью;профессионально;профессиональный;профессиональный;0.8771531581878662;: gram1-adjective-to-adverb;True
70;полный;полностью;быстро;быстрый;быстрое;0.8930829763412476;: gram1-adjective-to-adverb;False
71;полный;полностью;тихо;тихий;тихий;0.790033757686615;: gram1-adjective-to-adverb;True
72;полный;полностью;быстро;быстрый;быстрое;0.8930829763412476;: gram1-adjective-to-adverb;False
73;полный;полностью;редко;редкий;нечасто;0.8813435435295105;: gram1-adjective-to-adverb;False
74;полный;полностью;безопасно;безопасный;безопасного;0.8721802830696106;: gram1-adjective-to-adverb;False
75;полный;полностью;серьезно;серьезный;серьезное;0.9056738615036011;: gram1-adjective-to-adverb;False
76;полный;полностью;медленно;медленный;медленное;0.9039002060890198;: gram1-adjective-to-adverb;False
77;полный;полностью;быстро;быстрый;быстрое;0.8930829763412476;: gram1-adjective-to-adverb;False
78;полный;полностью;типично;типичный;типичный;0.8737173080444336;: gram1-adjective-to-adverb;True
79;полный;полностью;обычно;обычный;часто;0.858538806438446;: gram1-adjective-to-adverb;False
80;полный;полностью;спокойно;спокойный;спокойной;0.855863630771637;: gram1-adjective-to-adverb;False
81;эффективный;эффективно;бесплатно;бесплатно;бесплатный;0.8970034122467041;: gram1-adjective-to-adverb;False
82;эффективный;эффективно;больше;наибольший;больший;0.9036945700645447;: gram1-adjective-to-adverb;False
83;эффективный;эффективно;случайно;случайный;случайное;0.8273736238479614;: gram1-adjective-to-adverb;False
84;эффективный;эффективно;возможно;возможный;вероятно;0.9082886576652527;: gram1-adjective-to-adverb;False
85;эффективный;эффективно;точно;точный;точный;0.851325273513794;: gram1-adjective-to-adverb;True
86;эффективный;эффективно;профессионально;профессиональный;профессиональный;0.8995087742805481;: gram1-adjective-to-adverb;True
87;эффективный;эффективно;быстро;быстрый;быстрое;0.9144588112831116;: gram1-adjective-to-adverb;False
88;эффективный;эффективно;тихо;тихий;тихий;0.8338869214057922;: gram1-adjective-to-adverb;True
89;эффективный;эффективно;быстро;быстрый;быстрое;0.9144588112831116;: gram1-adjective-to-adverb;False
90;эффективный;эффективно;редко;редкий;нечасто;0.9028379321098328;: gram1-adjective-to-adverb;False
91;эффективный;эффективно;безопасно;безопасный;безопас;0.9089415669441223;: gram1-adjective-to-adverb;False
92;эффективный;эффективно;серьезно;серьезный;серьезный;0.9261857271194458;: gram1-adjective-to-adverb;True
93;эффективный;эффективно;медленно;медленный;медленным;0.9099494218826294;: gram1-adjective-to-adverb;False
94;эффективный;эффективно;быстро;быстрый;быстрое;0.9144588112831116;: gram1-adjective-to-adverb;False
95;эффективный;эффективно;типично;типичный;типичной;0.8814224004745483;: gram1-adjective-to-adverb;False
96;эффективный;эффективно;обычно;обычный;правило;0.8735389113426208;: gram1-adjective-to-adverb;False
97;эффективный;эффективно;спокойно;спокойный;спокойный;0.8925749063491821;: gram1-adjective-to-adverb;True
98;эффективный;эффективно;полностью;полный;целиком;0.899223804473877;: gram1-adjective-to-adverb;False
99;бесплатно;бесплатно;больше;наибольший;больший;0.9341346621513367;: gram1-adjective-to-adverb;False
100;бесплатно;бесплатно;случайно;случайный;случайное;0.8519968390464783;: gram1-adjective-to-adverb;False
101;бесплатно;бесплатно;возможно;возможный;вероятно;0.9486744403839111;: gram1-adjective-to-adverb;False
102;бесплатно;бесплатно;точно;точный;точное;0.881014883518219;: gram1-adjective-to-adverb;False
103;бесплатно;бесплатно;профессионально;профессиональный;профессиональным;0.9297279119491577;: gram1-adjective-to-adverb;False
104;бесплатно;бесплатно;быстро;быстрый;быстрое;0.9279853105545044;: gram1-adjective-to-adverb;False
105;бесплатно;бесплатно;тихо;тихий;тихий;0.8360670804977417;: gram1-adjective-to-adverb;True
106;бесплатно;бесплатно;быстро;быстрый;быстрое;0.9279853105545044;: gram1-adjective-to-adverb;False
107;бесплатно;бесплатно;редко;редкий;нечасто;0.9494250416755676;: gram1-adjective-to-adverb;False
108;бесплатно;бесплатно;безопасно;безопасный;безопас;0.9393361806869507;: gram1-adjective-to-adverb;False
109;бесплатно;бесплатно;серьезно;серьезный;серьёзно;0.9622186422348022;: gram1-adjective-to-adverb;False
110;бесплатно;бесплатно;медленно;медленный;медленное;0.9189937114715576;: gram1-adjective-to-adverb;False
111;бесплатно;бесплатно;быстро;быстрый;быстрое;0.9279853105545044;: gram1-adjective-to-adverb;False
112;бесплатно;бесплатно;типично;типичный;типичной;0.9258446097373962;: gram1-adjective-to-adverb;False
113;бесплатно;бесплатно;обычно;обычный;правило;0.9251231551170349;: gram1-adjective-to-adverb;False
114;бесплатно;бесплатно;спокойно;спокойный;спокойной;0.9259912967681885;: gram1-adjective-to-adverb;False
115;бесплатно;бесплатно;полностью;полный;целиком;0.9470148682594299;: gram1-adjective-to-adverb;False
116;бесплатно;бесплатно;эффективно;эффективный;эффективное;0.9446227550506592;: gram1-adjective-to-adverb;False
117;наибольший;больше;случайно;случайный;случайной;0.7500922679901123;: gram1-adjective-to-adverb;False
118;наибольший;больше;возможно;возможный;вероятно;0.8277230858802795;: gram1-adjective-to-adverb;False
119;наибольший;больше;точно;точный;безошиб;0.7876483201980591;: gram1-adjective-to-adverb;False
120;наибольший;больше;профессионально;профессиональный;профессиональный;0.8530977368354797;: gram1-adjective-to-adverb;True
121;наибольший;больше;быстро;быстрый;быстрое;0.8492611050605774;: gram1-adjective-to-adverb;False
122;наибольший;больше;тихо;тихий;тихий;0.7617475390434265;: gram1-adjective-to-adverb;True
123;наибольший;больше;быстро;быстрый;быстрое;0.8492611050605774;: gram1-adjective-to-adverb;False
124;наибольший;больше;редко;редкий;нечасто;0.8281787633895874;: gram1-adjective-to-adverb;False
125;наибольший;больше;безопасно;безопасный;безопасного;0.8476467132568359;: gram1-adjective-to-adverb;False
126;наибольший;больше;серьезно;серьезный;серьезный;0.8682283759117126;: gram1-adjective-to-adverb;True
127;наибольший;больше;медленно;медленный;медленное;0.8430829048156738;: gram1-adjective-to-adverb;False
128;наибольший;больше;быстро;быстрый;быстрое;0.8492611050605774;: gram1-adjective-to-adverb;False
129;наибольший;больше;типично;типичный;типичный;0.8279203772544861;: gram1-adjective-to-adverb;True
130;наибольший;больше;обычно;обычный;традиционно;0.8338319659233093;: gram1-adjective-to-adverb;False
131;наибольший;больше;спокойно;спокойный;мирно;0.8398734927177429;: gram1-adjective-to-adverb;False
132;наибольший;больше;полностью;полный;полную;0.8425937294960022;: gram1-adjective-to-adverb;False
133;наибольший;больше;эффективно;эффективный;эффективный;0.8587815165519714;: gram1-adjective-to-adverb;True
134;наибольший;больше;бесплатно;бесплатно;бесплатный;0.8394176959991455;: gram1-adjective-to-adverb;False
135;случайный;случайно;возможно;возможный;возможен;0.7978347539901733;: gram1-adjective-to-adverb;False
136;случайный;случайно;точно;точный;точный;0.7843765020370483;: gram1-adjective-to-adverb;True
137;случайный;случайно;профессионально;профессиональный;профессиональным;0.7931177020072937;: gram1-adjective-to-adverb;False
138;случайный;случайно;быстро;быстрый;быстрой;0.8076291084289551;: gram1-adjective-to-adverb;False
139;случайный;случайно;тихо;тихий;тихий;0.7211777567863464;: gram1-adjective-to-adverb;True
140;случайный;случайно;быстро;быстрый;быстрой;0.8076291084289551;: gram1-adjective-to-adverb;False
141;случайный;случайно;редко;редкий;нечасто;0.8259671330451965;: gram1-adjective-to-adverb;False
142;случайный;случайно;безопасно;безопасный;безопасного;0.7849761247634888;: gram1-adjective-to-adverb;False
143;случайный;случайно;серьезно;серьезный;серьезный;0.8208779692649841;: gram1-adjective-to-adverb;True
144;случайный;случайно;медленно;медленный;медленным;0.8338331580162048;: gram1-adjective-to-adverb;False
145;случайный;случайно;быстро;быстрый;быстрой;0.8076291084289551;: gram1-adjective-to-adverb;False
146;случайный;случайно;типично;типичный;типичной;0.8061527609825134;: gram1-adjective-to-adverb;False
147;случайный;случайно;обычно;обычный;обыкновенно;0.7973832488059998;: gram1-adjective-to-adverb;False
148;случайный;случайно;спокойно;спокойный;спокойный;0.8073545098304749;: gram1-adjective-to-adverb;True
149;случайный;случайно;полностью;полный;целиком;0.8105555176734924;: gram1-adjective-to-adverb;False
150;случайный;случайно;эффективно;эффективный;эффективный;0.800961971282959;: gram1-adjective-to-adverb;True
151;случайный;случайно;бесплатно;бесплатно;бесплатной;0.786791980266571;: gram1-adjective-to-adverb;False
152;случайный;случайно;больше;наибольший;больший;0.7952486276626587;: gram1-adjective-to-adverb;False
153;возможный;возможно;точно;точный;точном;0.8213473558425903;: gram1-adjective-to-adverb;False
154;возможный;возможно;профессионально;профессиональный;профессиональным;0.848389744758606;: gram1-adjective-to-adverb;False
155;возможный;возможно;быстро;быстрый;стремительно;0.8543858528137207;: gram1-adjective-to-adverb;False
156;возможный;возможно;тихо;тихий;тихий;0.7871016263961792;: gram1-adjective-to-adverb;True
157;возможный;возможно;быстро;быстрый;стремительно;0.8543858528137207;: gram1-adjective-to-adverb;False
158;возможный;возможно;редко;редкий;нечасто;0.8662281632423401;: gram1-adjective-to-adverb;False
159;возможный;возможно;безопасно;безопасный;безопасного;0.8409526348114014;: gram1-adjective-to-adverb;False
160;возможный;возможно;серьезно;серьезный;серьёзно;0.8681942820549011;: gram1-adjective-to-adverb;False
161;возможный;возможно;медленно;медленный;медленной;0.8572964668273926;: gram1-adjective-to-adverb;False
162;возможный;возможно;быстро;быстрый;стремительно;0.8543858528137207;: gram1-adjective-to-adverb;False
163;возможный;возможно;типично;типичный;типичная;0.8453505635261536;: gram1-adjective-to-adverb;False
164;возможный;возможно;обычно;обычный;традиционно;0.8196779489517212;: gram1-adjective-to-adverb;False
165;возможный;возможно;спокойно;спокойный;спокойной;0.8333423733711243;: gram1-adjective-to-adverb;False
166;возможный;возможно;полностью;полный;полное;0.8301404714584351;: gram1-adjective-to-adverb;False
167;возможный;возможно;эффективно;эффективный;эффективный;0.8755716681480408;: gram1-adjective-to-adverb;True
168;возможный;возможно;бесплатно;бесплатно;бесплатный;0.818670392036438;: gram1-adjective-to-adverb;False
169;возможный;возможно;больше;наибольший;больший;0.8291344046592712;: gram1-adjective-to-adverb;False
170;возможный;возможно;случайно;случайный;случайное;0.7951534986495972;: gram1-adjective-to-adverb;False
171;точный;точно;профессионально;профессиональный;профессиональным;0.8492374420166016;: gram1-adjective-to-adverb;False
172;точный;точно;быстро;быстрый;быстрой;0.8604804873466492;: gram1-adjective-to-adverb;False
173;точный;точно;тихо;тихий;спокой;0.7504379749298096;: gram1-adjective-to-adverb;False
174;точный;точно;быстро;быстрый;быстрой;0.8604804873466492;: gram1-adjective-to-adverb;False
175;точный;точно;редко;редкий;нечасто;0.8554807901382446;: gram1-adjective-to-adverb;False
176;точный;точно;безопасно;безопасный;безопасный;0.868622362613678;: gram1-adjective-to-adverb;True
177;точный;точно;серьезно;серьезный;серьезной;0.883622407913208;: gram1-adjective-to-adverb;False
178;точный;точно;медленно;медленный;медленной;0.8534314632415771;: gram1-adjective-to-adverb;False
179;точный;точно;быстро;быстрый;быстрой;0.8604804873466492;: gram1-adjective-to-adverb;False
180;точный;точно;типично;типичный;типичных;0.845721960067749;: gram1-adjective-to-adverb;False
181;точный;точно;обычно;обычный;часто;0.8292132019996643;: gram1-adjective-to-adverb;False
182;точный;точно;спокойно;спокойный;спокойный;0.8721264004707336;: gram1-adjective-to-adverb;True
183;точный;точно;полностью;полный;полноценный;0.8366008996963501;: gram1-adjective-to-adverb;False
184;точный;точно;эффективно;эффективный;эффективный;0.8669856786727905;: gram1-adjective-to-adverb;True
185;точный;точно;бесплатно;бесплатно;бесплатной;0.8539445996284485;: gram1-adjective-to-adverb;False
186;точный;точно;больше;наибольший;больший;0.8483906388282776;: gram1-adjective-to-adverb;False
187;точный;точно;случайно;случайный;случайное;0.802894651889801;: gram1-adjective-to-adverb;False
188;точный;точно;возможно;возможный;возможным;0.8379031419754028;: gram1-adjective-to-adverb;False
189;профессиональный;профессионально;быстро;быстрый;быстрое;0.8829454183578491;: gram1-adjective-to-adverb;False
190;профессиональный;профессионально;тихо;тихий;тихий;0.8043875694274902;: gram1-adjective-to-adverb;True
191;профессиональный;профессионально;быстро;быстрый;быстрое;0.8829454183578491;: gram1-adjective-to-adverb;False
192;профессиональный;профессионально;редко;редкий;нечасто;0.8938741683959961;: gram1-adjective-to-adverb;False
193;профессиональный;профессионально;безопасно;безопасный;безопас;0.8890904784202576;: gram1-adjective-to-adverb;False
194;профессиональный;профессионально;серьезно;серьезный;серьезный;0.911663830280304;: gram1-adjective-to-adverb;True
195;профессиональный;профессионально;медленно;медленный;медленной;0.8800727128982544;: gram1-adjective-to-adverb;False
196;профессиональный;профессионально;быстро;быстрый;быстрое;0.8829454183578491;: gram1-adjective-to-adverb;False
197;профессиональный;профессионально;типично;типичный;типичный;0.8692259788513184;: gram1-adjective-to-adverb;True
198;профессиональный;профессионально;обычно;обычный;правило;0.8591976761817932;: gram1-adjective-to-adverb;False
199;профессиональный;профессионально;спокойно;спокойный;спокойной;0.8795278072357178;: gram1-adjective-to-adverb;False
200;профессиональный;профессионально;полностью;полный;полный;0.8688197135925293;: gram1-adjective-to-adverb;True
201;профессиональный;профессионально;эффективно;эффективный;эффективное;0.9015094041824341;: gram1-adjective-to-adverb;False
202;профессиональный;профессионально;бесплатно;бесплатно;бесплатный;0.8949828147888184;: gram1-adjective-to-adverb;False
203;профессиональный;профессионально;больше;наибольший;больший;0.8924552202224731;: gram1-adjective-to-adverb;False
204;профессиональный;профессионально;случайно;случайный;случайное;0.8054888844490051;: gram1-adjective-to-adverb;False
205;профессиональный;профессионально;возможно;возможный;вероятно;0.8894504904747009;: gram1-adjective-to-adverb;False
206;профессиональный;профессионально;точно;точный;точное;0.836521565914154;: gram1-adjective-to-adverb;False
207;быстрый;быстро;тихо;тихий;тихий;0.816901683807373;: gram1-adjective-to-adverb;True
208;быстрый;быстро;быстро;быстрый;быстрым;0.9519802331924438;: gram1-adjective-to-adverb;False
209;быстрый;быстро;редко;редкий;нечасто;0.8492394089698792;: gram1-adjective-to-adverb;False
210;быстрый;быстро;безопасно;безопасный;безопасный;0.8914928436279297;: gram1-adjective-to-adverb;True
211;быстрый;быстро;серьезно;серьезный;серьезный;0.8765965700149536;: gram1-adjective-to-adverb;True
212;быстрый;быстро;медленно;медленный;медленное;0.8920592069625854;: gram1-adjective-to-adverb;False
213;быстрый;быстро;быстро;быстрый;быстрым;0.9519802331924438;: gram1-adjective-to-adverb;False
214;быстрый;быстро;типично;типичный;типичный;0.8431662917137146;: gram1-adjective-to-adverb;True
215;быстрый;быстро;обычно;обычный;традиционно;0.8213648200035095;: gram1-adjective-to-adverb;False
216;быстрый;быстро;спокойно;спокойный;спокойной;0.8795827627182007;: gram1-adjective-to-adverb;False
217;быстрый;быстро;полностью;полный;полный;0.8701421022415161;: gram1-adjective-to-adverb;True
218;быстрый;быстро;эффективно;эффективный;эффективный;0.9013809561729431;: gram1-adjective-to-adverb;True
219;быстрый;быстро;бесплатно;бесплатно;бесплатное;0.8644753694534302;: gram1-adjective-to-adverb;False
220;быстрый;быстро;больше;наибольший;больший;0.8870073556900024;: gram1-adjective-to-adverb;False
221;быстрый;быстро;случайно;случайный;случайное;0.768531084060669;: gram1-adjective-to-adverb;False
222;быстрый;быстро;возможно;возможный;возможен;0.8507537245750427;: gram1-adjective-to-adverb;False
223;быстрый;быстро;точно;точный;точная;0.8231310248374939;: gram1-adjective-to-adverb;False
224;быстрый;быстро;профессионально;профессиональный;профессиональный;0.8636258840560913;: gram1-adjective-to-adverb;True
225;тихий;тихо;быстро;быстрый;быстрый;0.8415950536727905;: gram1-adjective-to-adverb;True
226;тихий;тихо;редко;редкий;нечасто;0.8355504274368286;: gram1-adjective-to-adverb;False
227;тихий;тихо;безопасно;безопасный;безопасного;0.8318054676055908;: gram1-adjective-to-adverb;False
228;тихий;тихо;серьезно;серьезный;серьезный;0.8411481380462646;: gram1-adjective-to-adverb;True
229;тихий;тихо;медленно;медленный;медленное;0.851150393486023;: gram1-adjective-to-adverb;False
230;тихий;тихо;быстро;быстрый;быстрый;0.8415950536727905;: gram1-adjective-to-adverb;True
231;тихий;тихо;типично;типичный;типичный;0.8035186529159546;: gram1-adjective-to-adverb;True
232;тихий;тихо;обычно;обычный;правило;0.7974069118499756;: gram1-adjective-to-adverb;False
233;тихий;тихо;спокойно;спокойный;спокойный;0.816335916519165;: gram1-adjective-to-adverb;True
234;тихий;тихо;полностью;полный;целиком;0.8053132891654968;: gram1-adjective-to-adverb;False
235;тихий;тихо;эффективно;эффективный;эффективный;0.8503093719482422;: gram1-adjective-to-adverb;True
236;тихий;тихо;бесплатно;бесплатно;бесплатный;0.807442843914032;: gram1-adjective-to-adverb;False
237;тихий;тихо;больше;наибольший;больший;0.8235899806022644;: gram1-adjective-to-adverb;False
238;тихий;тихо;случайно;случайный;случайное;0.768309473991394;: gram1-adjective-to-adverb;False
239;тихий;тихо;возможно;возможный;вероятно;0.8217366933822632;: gram1-adjective-to-adverb;False
240;тихий;тихо;точно;точный;точную;0.7576053738594055;: gram1-adjective-to-adverb;False
241;тихий;тихо;профессионально;профессиональный;профессиональным;0.8260233998298645;: gram1-adjective-to-adverb;False
242;тихий;тихо;быстро;быстрый;быстрый;0.8415950536727905;: gram1-adjective-to-adverb;True
243;быстрый;быстро;редко;редкий;нечасто;0.8492394089698792;: gram1-adjective-to-adverb;False
244;быстрый;быстро;безопасно;безопасный;безопасный;0.8914928436279297;: gram1-adjective-to-adverb;True
245;быстрый;быстро;серьезно;серьезный;серьезный;0.8765965700149536;: gram1-adjective-to-adverb;True
246;быстрый;быстро;медленно;медленный;медленное;0.8920592069625854;: gram1-adjective-to-adverb;False
247;быстрый;быстро;быстро;быстрый;быстрым;0.9519802331924438;: gram1-adjective-to-adverb;False
248;быстрый;быстро;типично;типичный;типичный;0.8431662917137146;: gram1-adjective-to-adverb;True
249;быстрый;быстро;обычно;обычный;традиционно;0.8213648200035095;: gram1-adjective-to-adverb;False
250;быстрый;быстро;спокойно;спокойный;спокойной;0.8795827627182007;: gram1-adjective-to-adverb;False
251;быстрый;быстро;полностью;полный;полный;0.8701421022415161;: gram1-adjective-to-adverb;True
252;быстрый;быстро;эффективно;эффективный;эффективный;0.9013809561729431;: gram1-adjective-to-adverb;True
253;быстрый;быстро;бесплатно;бесплатно;бесплатное;0.8644753694534302;: gram1-adjective-to-adverb;False
254;быстрый;быстро;больше;наибольший;больший;0.8870073556900024;: gram1-adjective-to-adverb;False
255;быстрый;быстро;случайно;случайный;случайное;0.768531084060669;: gram1-adjective-to-adverb;False
256;быстрый;быстро;возможно;возможный;возможен;0.8507537245750427;: gram1-adjective-to-adverb;False
257;быстрый;быстро;точно;точный;точная;0.8231310248374939;: gram1-adjective-to-adverb;False
258;быстрый;быстро;профессионально;профессиональный;профессиональный;0.8636258840560913;: gram1-adjective-to-adverb;True
259;быстрый;быстро;быстро;быстрый;быстрым;0.9519802331924438;: gram1-adjective-to-adverb;False
260;быстрый;быстро;тихо;тихий;тихий;0.816901683807373;: gram1-adjective-to-adverb;True
261;редкий;редко;безопасно;безопасный;безопасного;0.8466360569000244;: gram1-adjective-to-adverb;False
262;редкий;редко;серьезно;серьезный;серьезное;0.869503915309906;: gram1-adjective-to-adverb;False
263;редкий;редко;медленно;медленный;медленное;0.8830094337463379;: gram1-adjective-to-adverb;False
264;редкий;редко;быстро;быстрый;быстрое;0.8514167070388794;: gram1-adjective-to-adverb;False
265;редкий;редко;типично;типичный;типичной;0.8309796452522278;: gram1-adjective-to-adverb;False
266;редкий;редко;обычно;обычный;традиционно;0.8547768592834473;: gram1-adjective-to-adverb;False
267;редкий;редко;спокойно;спокойный;благополучно;0.8059305548667908;: gram1-adjective-to-adverb;False
268;редкий;редко;полностью;полный;полный;0.850345253944397;: gram1-adjective-to-adverb;True
269;редкий;редко;эффективно;эффективный;эффективный;0.8753806352615356;: gram1-adjective-to-adverb;True
270;редкий;редко;бесплатно;бесплатно;бесплатный;0.8503735065460205;: gram1-adjective-to-adverb;False
271;редкий;редко;больше;наибольший;больший;0.8215282559394836;: gram1-adjective-to-adverb;False
272;редкий;редко;случайно;случайный;случайное;0.779303252696991;: gram1-adjective-to-adverb;False
273;редкий;редко;возможно;возможный;вероятно;0.8414068222045898;: gram1-adjective-to-adverb;False
274;редкий;редко;точно;точный;уникальный;0.8043790459632874;: gram1-adjective-to-adverb;False
275;редкий;редко;профессионально;профессиональный;профессиональный;0.8581846356391907;: gram1-adjective-to-adverb;True
276;редкий;редко;быстро;быстрый;быстрое;0.8514167070388794;: gram1-adjective-to-adverb;False
277;редкий;редко;тихо;тихий;тихий;0.7619557976722717;: gram1-adjective-to-adverb;True
278;редкий;редко;быстро;быстрый;быстрое;0.8514167070388794;: gram1-adjective-to-adverb;False
279;безопасный;безопасно;серьезно;серьезный;серьезный;0.9071366786956787;: gram1-adjective-to-adverb;True
280;безопасный;безопасно;медленно;медленный;медленным;0.8899555206298828;: gram1-adjective-to-adverb;False
281;безопасный;безопасно;быстро;быстрый;быстрый;0.9013804197311401;: gram1-adjective-to-adverb;True
282;безопасный;безопасно;типично;типичный;типичной;0.8633477687835693;: gram1-adjective-to-adverb;False
283;безопасный;безопасно;обычно;обычный;часто;0.8517788052558899;: gram1-adjective-to-adverb;False
284;безопасный;безопасно;спокойно;спокойный;спокойной;0.8967655301094055;: gram1-adjective-to-adverb;False
285;безопасный;безопасно;полностью;полный;целиком;0.8683812022209167;: gram1-adjective-to-adverb;False
286;безопасный;безопасно;эффективно;эффективный;эффективный;0.9074616432189941;: gram1-adjective-to-adverb;True
287;безопасный;безопасно;бесплатно;бесплатно;бесплатное;0.8864721655845642;: gram1-adjective-to-adverb;False
288;безопасный;безопасно;больше;наибольший;больший;0.8839834332466125;: gram1-adjective-to-adverb;False
289;безопасный;безопасно;случайно;случайный;случайное;0.7893776297569275;: gram1-adjective-to-adverb;False
290;безопасный;безопасно;возможно;возможный;вероятно;0.8857308626174927;: gram1-adjective-to-adverb;False
291;безопасный;безопасно;точно;точный;точный;0.8514639735221863;: gram1-adjective-to-adverb;True
292;безопасный;безопасно;профессионально;профессиональный;профессиональных;0.8789712190628052;: gram1-adjective-to-adverb;False
293;безопасный;безопасно;быстро;быстрый;быстрый;0.9013804197311401;: gram1-adjective-to-adverb;True
294;безопасный;безопасно;тихо;тихий;тихий;0.8077240586280823;: gram1-adjective-to-adverb;True
295;безопасный;безопасно;быстро;быстрый;быстрый;0.9013804197311401;: gram1-adjective-to-adverb;True
296;безопасный;безопасно;редко;редкий;нечасто;0.8852523565292358;: gram1-adjective-to-adverb;False
297;серьезный;серьезно;медленно;медленный;медленное;0.9010329842567444;: gram1-adjective-to-adverb;False
298;серьезный;серьезно;быстро;быстрый;быстрое;0.9064252972602844;: gram1-adjective-to-adverb;False
299;серьезный;серьезно;типично;типичный;типичным;0.8840621113777161;: gram1-adjective-to-adverb;False
300;серьезный;серьезно;обычно;обычный;часто;0.8792219758033752;: gram1-adjective-to-adverb;False
301;серьезный;серьезно;спокойно;спокойный;спокойный;0.8861801028251648;: gram1-adjective-to-adverb;True
302;серьезный;серьезно;полностью;полный;полный;0.889380156993866;: gram1-adjective-to-adverb;True
303;серьезный;серьезно;эффективно;эффективный;эффективный;0.9246012568473816;: gram1-adjective-to-adverb;True
304;серьезный;серьезно;бесплатно;бесплатно;бесплатный;0.9060772061347961;: gram1-adjective-to-adverb;False
305;серьезный;серьезно;больше;наибольший;больший;0.904812753200531;: gram1-adjective-to-adverb;False
306;серьезный;серьезно;случайно;случайный;случайное;0.8075430393218994;: gram1-adjective-to-adverb;False
307;серьезный;серьезно;возможно;возможный;вероятно;0.9020676016807556;: gram1-adjective-to-adverb;False
308;серьезный;серьезно;точно;точный;точное;0.8630151748657227;: gram1-adjective-to-adverb;False
309;серьезный;серьезно;профессионально;профессиональный;профессиональный;0.9068965911865234;: gram1-adjective-to-adverb;True
310;серьезный;серьезно;быстро;быстрый;быстрое;0.9064252972602844;: gram1-adjective-to-adverb;False
311;серьезный;серьезно;тихо;тихий;тихий;0.8073714971542358;: gram1-adjective-to-adverb;True
312;серьезный;серьезно;быстро;быстрый;быстрое;0.9064252972602844;: gram1-adjective-to-adverb;False
313;серьезный;серьезно;редко;редкий;нечасто;0.8951204419136047;: gram1-adjective-to-adverb;False
314;серьезный;серьезно;безопасно;безопасный;безопасного;0.9073188900947571;: gram1-adjective-to-adverb;False
315;медленный;медленно;быстро;быстрый;быстрый;0.886596143245697;: gram1-adjective-to-adverb;True
316;медленный;медленно;типично;типичный;типичный;0.8435952067375183;: gram1-adjective-to-adverb;True
317;медленный;медленно;обычно;обычный;традиционно;0.8313273191452026;: gram1-adjective-to-adverb;False
318;медленный;медленно;спокойно;спокойный;благополучно;0.8366366624832153;: gram1-adjective-to-adverb;False
319;медленный;медленно;полностью;полный;полный;0.8655276298522949;: gram1-adjective-to-adverb;True
320;медленный;медленно;эффективно;эффективный;эффективный;0.8897053599357605;: gram1-adjective-to-adverb;True
321;медленный;медленно;бесплатно;бесплатно;бесплатный;0.8641762137413025;: gram1-adjective-to-adverb;False
322;медленный;медленно;больше;наибольший;больший;0.8795852065086365;: gram1-adjective-to-adverb;False
323;медленный;медленно;случайно;случайный;случайное;0.7789535522460938;: gram1-adjective-to-adverb;False
324;медленный;медленно;возможно;возможный;вероятно;0.8537766337394714;: gram1-adjective-to-adverb;False
325;медленный;медленно;точно;точный;точности;0.8151936531066895;: gram1-adjective-to-adverb;False
326;медленный;медленно;профессионально;профессиональный;профессиональный;0.8691288232803345;: gram1-adjective-to-adverb;True
327;медленный;медленно;быстро;быстрый;быстрый;0.886596143245697;: gram1-adjective-to-adverb;True
328;медленный;медленно;тихо;тихий;тихий;0.7746077179908752;: gram1-adjective-to-adverb;True
329;медленный;медленно;быстро;быстрый;быстрый;0.886596143245697;: gram1-adjective-to-adverb;True
330;медленный;медленно;редко;редкий;редкий;0.8503248691558838;: gram1-adjective-to-adverb;True
331;медленный;медленно;безопасно;безопасный;безопасного;0.8691678643226624;: gram1-adjective-to-adverb;False
332;медленный;медленно;серьезно;серьезный;серьезный;0.8940626978874207;: gram1-adjective-to-adverb;True
333;быстрый;быстро;типично;типичный;типичный;0.8431662917137146;: gram1-adjective-to-adverb;True
334;быстрый;быстро;обычно;обычный;традиционно;0.8213648200035095;: gram1-adjective-to-adverb;False
335;быстрый;быстро;спокойно;спокойный;спокойной;0.8795827627182007;: gram1-adjective-to-adverb;False
336;быстрый;быстро;полностью;полный;полный;0.8701421022415161;: gram1-adjective-to-adverb;True
337;быстрый;быстро;эффективно;эффективный;эффективный;0.9013809561729431;: gram1-adjective-to-adverb;True
338;быстрый;быстро;бесплатно;бесплатно;бесплатное;0.8644753694534302;: gram1-adjective-to-adverb;False
339;быстрый;быстро;больше;наибольший;больший;0.8870073556900024;: gram1-adjective-to-adverb;False
340;быстрый;быстро;случайно;случайный;случайное;0.768531084060669;: gram1-adjective-to-adverb;False
341;быстрый;быстро;возможно;возможный;возможен;0.8507537245750427;: gram1-adjective-to-adverb;False
342;быстрый;быстро;точно;точный;точная;0.8231310248374939;: gram1-adjective-to-adverb;False
343;быстрый;быстро;профессионально;профессиональный;профессиональный;0.8636258840560913;: gram1-adjective-to-adverb;True
344;быстрый;быстро;быстро;быстрый;быстрым;0.9519802331924438;: gram1-adjective-to-adverb;False
345;быстрый;быстро;тихо;тихий;тихий;0.816901683807373;: gram1-adjective-to-adverb;True
346;быстрый;быстро;быстро;быстрый;быстрым;0.9519802331924438;: gram1-adjective-to-adverb;False
347;быстрый;быстро;редко;редкий;нечасто;0.8492394089698792;: gram1-adjective-to-adverb;False
348;быстрый;быстро;безопасно;безопасный;безопасный;0.8914928436279297;: gram1-adjective-to-adverb;True
349;быстрый;быстро;серьезно;серьезный;серьезный;0.8765965700149536;: gram1-adjective-to-adverb;True
350;быстрый;быстро;медленно;медленный;медленное;0.8920592069625854;: gram1-adjective-to-adverb;False
351;типичный;типично;обычно;обычный;часто;0.8455641865730286;: gram1-adjective-to-adverb;False
352;типичный;типично;спокойно;спокойный;спокойной;0.8660776615142822;: gram1-adjective-to-adverb;False
353;типичный;типично;полностью;полный;полный;0.878576397895813;: gram1-adjective-to-adverb;True
354;типичный;типично;эффективно;эффективный;эффективный;0.879098117351532;: gram1-adjective-to-adverb;True
355;типичный;типично;бесплатно;бесплатно;бесплатной;0.8521086573600769;: gram1-adjective-to-adverb;False
356;типичный;типично;больше;наибольший;больший;0.8754869103431702;: gram1-adjective-to-adverb;False
357;типичный;типично;случайно;случайный;случайное;0.8159782290458679;: gram1-adjective-to-adverb;False
358;типичный;типично;возможно;возможный;возможен;0.8767522573471069;: gram1-adjective-to-adverb;False
359;типичный;типично;точно;точный;точный;0.8213950991630554;: gram1-adjective-to-adverb;True
360;типичный;типично;профессионально;профессиональный;профессиональный;0.8676828742027283;: gram1-adjective-to-adverb;True
361;типичный;типично;быстро;быстрый;быстрой;0.8610405921936035;: gram1-adjective-to-adverb;False
362;типичный;типично;тихо;тихий;тихий;0.7891433238983154;: gram1-adjective-to-adverb;True
363;типичный;типично;быстро;быстрый;быстрой;0.8610405921936035;: gram1-adjective-to-adverb;False
364;типичный;типично;редко;редкий;нечасто;0.8776691555976868;: gram1-adjective-to-adverb;False
365;типичный;типично;безопасно;безопасный;безопасный;0.8587456345558167;: gram1-adjective-to-adverb;True
366;типичный;типично;серьезно;серьезный;серьезная;0.891028106212616;: gram1-adjective-to-adverb;False
367;типичный;типично;медленно;медленный;медленным;0.8694511651992798;: gram1-adjective-to-adverb;False
368;типичный;типично;быстро;быстрый;быстрой;0.8610405921936035;: gram1-adjective-to-adverb;False
369;обычный;обычно;спокойно;спокойный;спокойной;0.815808117389679;: gram1-adjective-to-adverb;False
370;обычный;обычно;полностью;полный;чисто;0.8149397373199463;: gram1-adjective-to-adverb;False
371;обычный;обычно;эффективно;эффективный;эффективное;0.7848899364471436;: gram1-adjective-to-adverb;False
372;обычный;обычно;бесплатно;бесплатно;чистый;0.7770178914070129;: gram1-adjective-to-adverb;False
373;обычный;обычно;больше;наибольший;меньше;0.7843536734580994;: gram1-adjective-to-adverb;False
374;обычный;обычно;случайно;случайный;праздн;0.7528949975967407;: gram1-adjective-to-adverb;False
375;обычный;обычно;возможно;возможный;возможен;0.7923450469970703;: gram1-adjective-to-adverb;False
376;обычный;обычно;точно;точный;обычную;0.7890836596488953;: gram1-adjective-to-adverb;False
377;обычный;обычно;профессионально;профессиональный;обычные;0.7900457382202148;: gram1-adjective-to-adverb;False
378;обычный;обычно;быстро;быстрый;обычную;0.8049036860466003;: gram1-adjective-to-adverb;False
379;обычный;обычно;тихо;тихий;обычную;0.7505722641944885;: gram1-adjective-to-adverb;False
380;обычный;обычно;быстро;быстрый;обычную;0.8049036860466003;: gram1-adjective-to-adverb;False
381;обычный;обычно;редко;редкий;пустой;0.8305222988128662;: gram1-adjective-to-adverb;False
382;обычный;обычно;безопасно;безопасный;обычную;0.7831590175628662;: gram1-adjective-to-adverb;False
383;обычный;обычно;серьезно;серьезный;серьёзно;0.7951492071151733;: gram1-adjective-to-adverb;False
384;обычный;обычно;медленно;медленный;пустой;0.8278699517250061;: gram1-adjective-to-adverb;False
385;обычный;обычно;быстро;быстрый;обычную;0.8049036860466003;: gram1-adjective-to-adverb;False
386;обычный;обычно;типично;типичный;типичная;0.8368369936943054;: gram1-adjective-to-adverb;False
387;определенный;неопределенный;неизвестный;известный;известное;0.7985050678253174;: gram2-opposite;False
388;известный;неизвестный;неопределенный;определенный;длительной;0.7861255407333374;: gram2-opposite;False
389;плохой;хуже;ярче;яркий;яркой;0.8590292930603027;: gram3-comparative;False
390;плохой;хуже;глубже;глубокий;глубокий;0.8784410357475281;: gram3-comparative;True
391;плохой;хуже;легче;легко;тяжело;0.8430257439613342;: gram3-comparative;False
392;плохой;хуже;быстрее;быстрый;быстрый;0.8821085691452026;: gram3-comparative;True
393;плохой;хуже;труднее;трудный;плохая;0.8886510133743286;: gram3-comparative;False
394;плохой;хуже;тяжелее;тяжелый;плохом;0.9004384279251099;: gram3-comparative;False
395;плохой;хуже;выше;высокий;упомянутые;0.7901327610015869;: gram3-comparative;False
396;плохой;хуже;ниже;низкий;низкой;0.8830808401107788;: gram3-comparative;False
397;плохой;хуже;быстрее;быстрый;быстрый;0.8821085691452026;: gram3-comparative;True
398;плохой;хуже;короче;короткий;коротким;0.8145397901535034;: gram3-comparative;False
399;плохой;хуже;проще;простой;плохая;0.823158323764801;: gram3-comparative;False
400;плохой;хуже;медленнее;медленный;медлен;0.8974480032920837;: gram3-comparative;False
401;плохой;хуже;меньше;маленький;плохая;0.8639776706695557;: gram3-comparative;False
402;плохой;хуже;сильнее;сильный;сильный;0.8815015554428101;: gram3-comparative;True
403;плохой;хуже;выше;высокий;упомянутые;0.7901327610015869;: gram3-comparative;False
404;плохой;хуже;слабее;слабый;плохая;0.9102856516838074;: gram3-comparative;False
405;плохой;хуже;шире;широкий;широкая;0.827404797077179;: gram3-comparative;False
406;плохой;хуже;моложе;молодые;старше;0.8558555245399475;: gram3-comparative;False
407;яркий;ярче;глубже;глубокий;глубокий;0.8279796838760376;: gram3-comparative;True
408;яркий;ярче;легче;легко;удачный;0.8109837770462036;: gram3-comparative;False
409;яркий;ярче;быстрее;быстрый;быстрый;0.8385912775993347;: gram3-comparative;True
410;яркий;ярче;труднее;трудный;сложно;0.8319883942604065;: gram3-comparative;False
411;яркий;ярче;тяжелее;тяжелый;тяжелым;0.8454582691192627;: gram3-comparative;False
412;яркий;ярче;выше;высокий;приведен;0.7778536081314087;: gram3-comparative;False
413;яркий;ярче;ниже;низкий;близкая;0.7461976408958435;: gram3-comparative;False
414;яркий;ярче;быстрее;быстрый;быстрый;0.8385912775993347;: gram3-comparative;True
415;яркий;ярче;короче;короткий;характерная;0.7713561654090881;: gram3-comparative;False
416;яркий;ярче;проще;простой;типичным;0.8010926246643066;: gram3-comparative;False
417;яркий;ярче;медленнее;медленный;медленный;0.8541776537895203;: gram3-comparative;True
418;яркий;ярче;меньше;маленький;малая;0.8096803426742554;: gram3-comparative;False
419;яркий;ярче;сильнее;сильный;ярким;0.8696895241737366;: gram3-comparative;False
420;яркий;ярче;выше;высокий;приведен;0.7778536081314087;: gram3-comparative;False
421;яркий;ярче;слабее;слабый;слабый;0.8385921120643616;: gram3-comparative;True
422;яркий;ярче;шире;широкий;ярким;0.7955828905105591;: gram3-comparative;False
423;яркий;ярче;моложе;молодые;младше;0.7526335716247559;: gram3-comparative;False
424;яркий;ярче;хуже;плохой;плохой;0.8348807096481323;: gram3-comparative;True
425;глубокий;глубже;легче;легко;тяжело;0.8658308386802673;: gram3-comparative;False
426;глубокий;глубже;быстрее;быстрый;быстрый;0.9009582996368408;: gram3-comparative;True
427;глубокий;глубже;труднее;трудный;трудной;0.8803850412368774;: gram3-comparative;False
428;глубокий;глубже;тяжелее;тяжелый;тяжелый;0.9238512516021729;: gram3-comparative;True
429;глубокий;глубже;выше;высокий;высоким;0.7956832051277161;: gram3-comparative;False
430;глубокий;глубже;ниже;низкий;низкий;0.8530564904212952;: gram3-comparative;True
431;глубокий;глубже;быстрее;быстрый;быстрый;0.9009582996368408;: gram3-comparative;True
432;глубокий;глубже;короче;короткий;резкое;0.8308782577514648;: gram3-comparative;False
433;глубокий;глубже;проще;простой;сложная;0.8505866527557373;: gram3-comparative;False
434;глубокий;глубже;медленнее;медленный;медленный;0.9037922620773315;: gram3-comparative;True
435;глубокий;глубже;меньше;маленький;чрезмер;0.8437474966049194;: gram3-comparative;False
436;глубокий;глубже;сильнее;сильный;сильный;0.9029545783996582;: gram3-comparative;True
437;глубокий;глубже;выше;высокий;высоким;0.7956832051277161;: gram3-comparative;False
438;глубокий;глубже;слабее;слабый;слабый;0.8862171173095703;: gram3-comparative;True
439;глубокий;глубже;шире;широкий;широкая;0.860751211643219;: gram3-comparative;False
440;глубокий;глубже;моложе;молодые;старше;0.8268413543701172;: gram3-comparative;False
441;глубокий;глубже;хуже;плохой;плохой;0.8986990451812744;: gram3-comparative;True
442;глубокий;глубже;ярче;яркий;сильный;0.8637533187866211;: gram3-comparative;False
443;легко;легче;быстрее;быстрый;быстро;0.8761413097381592;: gram3-comparative;False
444;легко;легче;труднее;трудный;сложно;0.8853844404220581;: gram3-comparative;False
445;легко;легче;тяжелее;тяжелый;сильно;0.8614518642425537;: gram3-comparative;False
446;легко;легче;выше;высокий;приведён;0.7631114721298218;: gram3-comparative;False
447;легко;легче;ниже;низкий;явно;0.7622244954109192;: gram3-comparative;False
448;легко;легче;быстрее;быстрый;быстро;0.8761413097381592;: gram3-comparative;False
449;легко;легче;короче;короткий;условно;0.7885798215866089;: gram3-comparative;False
450;легко;легче;проще;простой;неслож;0.8292292952537537;: gram3-comparative;False
451;легко;легче;медленнее;медленный;медленно;0.8630371689796448;: gram3-comparative;False
452;легко;легче;меньше;маленький;небольшим;0.8216288089752197;: gram3-comparative;False
453;легко;легче;сильнее;сильный;сильно;0.85157710313797;: gram3-comparative;False
454;легко;легче;выше;высокий;приведён;0.7631114721298218;: gram3-comparative;False
455;легко;легче;слабее;слабый;слабой;0.8306561708450317;: gram3-comparative;False
456;легко;легче;шире;широкий;широкая;0.7885950207710266;: gram3-comparative;False
457;легко;легче;моложе;молодые;старше;0.741992175579071;: gram3-comparative;False
458;легко;легче;хуже;плохой;плохо;0.8721157908439636;: gram3-comparative;False
459;легко;легче;ярче;яркий;ярко;0.860560417175293;: gram3-comparative;False
460;легко;легче;глубже;глубокий;глубоко;0.8522306680679321;: gram3-comparative;False
461;быстрый;быстрее;труднее;трудный;трудным;0.8603083491325378;: gram3-comparative;False
462;быстрый;быстрее;тяжелее;тяжелый;тяжелый;0.8789315223693848;: gram3-comparative;True
463;быстрый;быстрее;выше;высокий;высоком;0.7951375842094421;: gram3-comparative;False
464;быстрый;быстрее;ниже;низкий;низкий;0.8372417092323303;: gram3-comparative;True
465;быстрый;быстрее;быстрее;быстрый;быстрым;0.9519802331924438;: gram3-comparative;False
466;быстрый;быстрее;короче;короткий;коротким;0.79700767993927;: gram3-comparative;False
467;быстрый;быстрее;проще;простой;масштабная;0.822751522064209;: gram3-comparative;False
468;быстрый;быстрее;медленнее;медленный;медленный;0.9167210459709167;: gram3-comparative;True
469;быстрый;быстрее;меньше;маленький;меньшим;0.8591018915176392;: gram3-comparative;False
470;быстрый;быстрее;сильнее;сильный;сильный;0.8977043628692627;: gram3-comparative;True
471;быстрый;быстрее;выше;высокий;высоком;0.7951375842094421;: gram3-comparative;False
472;быстрый;быстрее;слабее;слабый;слабый;0.8891000151634216;: gram3-comparative;True
473;быстрый;быстрее;шире;широкий;широкая;0.8424279689788818;: gram3-comparative;False
474;быстрый;быстрее;моложе;молодые;старше;0.8368126749992371;: gram3-comparative;False
475;быстрый;быстрее;хуже;плохой;плохой;0.8763588070869446;: gram3-comparative;True
476;быстрый;быстрее;ярче;яркий;яркой;0.8534238338470459;: gram3-comparative;False
477;быстрый;быстрее;глубже;глубокий;глубокая;0.8885795474052429;: gram3-comparative;False
478;быстрый;быстрее;легче;легко;быстрым;0.8591912984848022;: gram3-comparative;False
479;трудный;труднее;тяжелее;тяжелый;тяжелый;0.9005668759346008;: gram3-comparative;True
480;трудный;труднее;выше;высокий;указанный;0.78580242395401;: gram3-comparative;False
481;трудный;труднее;ниже;низкий;указанный;0.7802417278289795;: gram3-comparative;False
482;трудный;труднее;быстрее;быстрый;быстрый;0.8598217368125916;: gram3-comparative;True
483;трудный;труднее;короче;короткий;долгий;0.7963373064994812;: gram3-comparative;False
484;трудный;труднее;проще;простой;трудные;0.8448013067245483;: gram3-comparative;False
485;трудный;труднее;медленнее;медленный;медленный;0.8744559288024902;: gram3-comparative;True
486;трудный;труднее;меньше;маленький;короткой;0.83274245262146;: gram3-comparative;False
487;трудный;труднее;сильнее;сильный;сильный;0.864700198173523;: gram3-comparative;True
488;трудный;труднее;выше;высокий;указанный;0.78580242395401;: gram3-comparative;False
489;трудный;труднее;слабее;слабый;тяжелое;0.8424879908561707;: gram3-comparative;False
490;трудный;труднее;шире;широкий;широкий;0.7857872843742371;: gram3-comparative;True
491;трудный;труднее;моложе;молодые;старше;0.8017487525939941;: gram3-comparative;False
492;трудный;труднее;хуже;плохой;трудное;0.8753519058227539;: gram3-comparative;False
493;трудный;труднее;ярче;яркий;яркие;0.8475713729858398;: gram3-comparative;False
494;трудный;труднее;глубже;глубокий;глубокий;0.8641602396965027;: gram3-comparative;True
495;трудный;труднее;легче;легко;трудных;0.8663480281829834;: gram3-comparative;False
496;трудный;труднее;быстрее;быстрый;быстрый;0.8598217368125916;: gram3-comparative;True
497;тяжелый;тяжелее;выше;высокий;упомянуто;0.7989600300788879;: gram3-comparative;False
498;тяжелый;тяжелее;ниже;низкий;низко;0.8276680707931519;: gram3-comparative;False
499;тяжелый;тяжелее;быстрее;быстрый;быстрый;0.8830206990242004;: gram3-comparative;True
500;тяжелый;тяжелее;короче;короткий;длительная;0.8052351474761963;: gram3-comparative;False
501;тяжелый;тяжелее;проще;простой;серьезная;0.8452928066253662;: gram3-comparative;False
502;тяжелый;тяжелее;медленнее;медленный;медленный;0.9022662043571472;: gram3-comparative;True
503;тяжелый;тяжелее;меньше;маленький;серьезный;0.8634859919548035;: gram3-comparative;False
504;тяжелый;тяжелее;сильнее;сильный;сильный;0.8804668188095093;: gram3-comparative;True
505;тяжелый;тяжелее;выше;высокий;упомянуто;0.7989600300788879;: gram3-comparative;False
506;тяжелый;тяжелее;слабее;слабый;подорв;0.8770170211791992;: gram3-comparative;False
507;тяжелый;тяжелее;шире;широкий;масштабный;0.8341897130012512;: gram3-comparative;False
508;тяжелый;тяжелее;моложе;молодые;старше;0.8266908526420593;: gram3-comparative;False
509;тяжелый;тяжелее;хуже;плохой;тяжелое;0.9006986021995544;: gram3-comparative;False
510;тяжелый;тяжелее;ярче;яркий;яркой;0.8498706817626953;: gram3-comparative;False
511;тяжелый;тяжелее;глубже;глубокий;глубокий;0.9068885445594788;: gram3-comparative;True
512;тяжелый;тяжелее;легче;легко;тяжело;0.8738870620727539;: gram3-comparative;False
513;тяжелый;тяжелее;быстрее;быстрый;быстрый;0.8830206990242004;: gram3-comparative;True
514;тяжелый;тяжелее;труднее;трудный;трудный;0.8921138048171997;: gram3-comparative;True
515;высокий;выше;ниже;низкий;высоким;0.9243334531784058;: gram3-comparative;False
516;высокий;выше;быстрее;быстрый;быстрый;0.8693281412124634;: gram3-comparative;True
517;высокий;выше;короче;короткий;высокая;0.8363685607910156;: gram3-comparative;False
518;высокий;выше;проще;простой;высокая;0.8370484113693237;: gram3-comparative;False
519;высокий;выше;медленнее;медленный;медленный;0.8490330576896667;: gram3-comparative;True
520;высокий;выше;меньше;маленький;высока;0.8258270025253296;: gram3-comparative;False
521;высокий;выше;сильнее;сильный;высокая;0.8359131813049316;: gram3-comparative;False
522;высокий;выше;выше;высокий;высокая;0.9801862835884094;: gram3-comparative;False
523;высокий;выше;слабее;слабый;сильный;0.8285900950431824;: gram3-comparative;False
524;высокий;выше;шире;широкий;высокой;0.8228400349617004;: gram3-comparative;False
525;высокий;выше;моложе;молодые;высоким;0.8257558941841125;: gram3-comparative;False
526;высокий;выше;хуже;плохой;низкая;0.8420498371124268;: gram3-comparative;False
527;высокий;выше;ярче;яркий;высокая;0.8230816721916199;: gram3-comparative;False
528;высокий;выше;глубже;глубокий;глубокое;0.8275455832481384;: gram3-comparative;False
529;высокий;выше;легче;легко;быстрее;0.8174691796302795;: gram3-comparative;False
530;высокий;выше;быстрее;быстрый;быстрый;0.8693281412124634;: gram3-comparative;True
531;высокий;выше;труднее;трудный;высокая;0.8089978694915771;: gram3-comparative;False
532;высокий;выше;тяжелее;тяжелый;тяжелый;0.8164986968040466;: gram3-comparative;True
533;низкий;ниже;быстрее;быстрый;быстрый;0.8687470555305481;: gram3-comparative;True
534;низкий;ниже;короче;короткий;короткая;0.850019097328186;: gram3-comparative;False
535;низкий;ниже;проще;простой;низкая;0.8332310914993286;: gram3-comparative;False
536;низкий;ниже;медленнее;медленный;медленный;0.87928706407547;: gram3-comparative;True
537;низкий;ниже;меньше;маленький;низкую;0.890319287776947;: gram3-comparative;False
538;низкий;ниже;сильнее;сильный;низкая;0.8417903780937195;: gram3-comparative;False
539;низкий;ниже;выше;высокий;низким;0.9047653675079346;: gram3-comparative;False
540;низкий;ниже;слабее;слабый;слабую;0.9006607532501221;: gram3-comparative;False
541;низкий;ниже;шире;широкий;широкая;0.8159274458885193;: gram3-comparative;False
542;низкий;ниже;моложе;молодые;низким;0.8565284609794617;: gram3-comparative;False
543;низкий;ниже;хуже;плохой;низкую;0.9032146334648132;: gram3-comparative;False
544;низкий;ниже;ярче;яркий;сильнее;0.8088194131851196;: gram3-comparative;False
545;низкий;ниже;глубже;глубокий;глубокий;0.8626915216445923;: gram3-comparative;True
546;низкий;ниже;легче;легко;труднее;0.837989866733551;: gram3-comparative;False
547;низкий;ниже;быстрее;быстрый;быстрый;0.8687470555305481;: gram3-comparative;True
548;низкий;ниже;труднее;трудный;низкую;0.8679547309875488;: gram3-comparative;False
549;низкий;ниже;тяжелее;тяжелый;тяжелыми;0.868332028388977;: gram3-comparative;False
550;низкий;ниже;выше;высокий;низким;0.9047653675079346;: gram3-comparative;False
551;быстрый;быстрее;короче;короткий;коротким;0.79700767993927;: gram3-comparative;False
552;быстрый;быстрее;проще;простой;масштабная;0.822751522064209;: gram3-comparative;False
553;быстрый;быстрее;медленнее;медленный;медленный;0.9167210459709167;: gram3-comparative;True
554;быстрый;быстрее;меньше;маленький;меньшим;0.8591018915176392;: gram3-comparative;False
555;быстрый;быстрее;сильнее;сильный;сильный;0.8977043628692627;: gram3-comparative;True
556;быстрый;быстрее;выше;высокий;высоком;0.7951375842094421;: gram3-comparative;False
557;быстрый;быстрее;слабее;слабый;слабый;0.8891000151634216;: gram3-comparative;True
558;быстрый;быстрее;шире;широкий;широкая;0.8424279689788818;: gram3-comparative;False
559;быстрый;быстрее;моложе;молодые;старше;0.8368126749992371;: gram3-comparative;False
560;быстрый;быстрее;хуже;плохой;плохой;0.8763588070869446;: gram3-comparative;True
561;быстрый;быстрее;ярче;яркий;яркой;0.8534238338470459;: gram3-comparative;False
562;быстрый;быстрее;глубже;глубокий;глубокая;0.8885795474052429;: gram3-comparative;False
563;быстрый;быстрее;легче;легко;быстрым;0.8591912984848022;: gram3-comparative;False
564;быстрый;быстрее;быстрее;быстрый;быстрым;0.9519802331924438;: gram3-comparative;False
565;быстрый;быстрее;труднее;трудный;трудным;0.8603083491325378;: gram3-comparative;False
566;быстрый;быстрее;тяжелее;тяжелый;тяжелый;0.8789315223693848;: gram3-comparative;True
567;быстрый;быстрее;выше;высокий;высоком;0.7951375842094421;: gram3-comparative;False
568;быстрый;быстрее;ниже;низкий;низкий;0.8372417092323303;: gram3-comparative;True
569;короткий;короче;проще;простой;долгий;0.8402019739151001;: gram3-comparative;False
570;короткий;короче;медленнее;медленный;медленный;0.8486198782920837;: gram3-comparative;True
571;короткий;короче;меньше;маленький;короткие;0.8149056434631348;: gram3-comparative;False
572;короткий;короче;сильнее;сильный;продолжительный;0.8047612309455872;: gram3-comparative;False
573;короткий;короче;выше;высокий;короткое;0.7880305051803589;: gram3-comparative;False
574;короткий;короче;слабее;слабый;слабых;0.8142889142036438;: gram3-comparative;False
575;короткий;короче;шире;широкий;короткого;0.8188714385032654;: gram3-comparative;False
576;короткий;короче;моложе;молодые;старше;0.7774419188499451;: gram3-comparative;False
577;короткий;короче;хуже;плохой;короткой;0.8307801485061646;: gram3-comparative;False
578;короткий;короче;ярче;яркий;длительную;0.7978346943855286;: gram3-comparative;False
579;короткий;короче;глубже;глубокий;глубокий;0.8158550262451172;: gram3-comparative;True
580;короткий;короче;легче;легко;быстрее;0.7959619164466858;: gram3-comparative;False
581;короткий;короче;быстрее;быстрый;быстрый;0.8239548206329346;: gram3-comparative;True
582;короткий;короче;труднее;трудный;трудный;0.8254377245903015;: gram3-comparative;True
583;короткий;короче;тяжелее;тяжелый;тяжелый;0.8291464447975159;: gram3-comparative;True
584;короткий;короче;выше;высокий;короткое;0.7880305051803589;: gram3-comparative;False
585;короткий;короче;ниже;низкий;короткие;0.7941999435424805;: gram3-comparative;False
586;короткий;короче;быстрее;быстрый;быстрый;0.8239548206329346;: gram3-comparative;True
587;простой;проще;медленнее;медленный;медленно;0.8082573413848877;: gram3-comparative;False
588;простой;проще;меньше;маленький;пустой;0.811862051486969;: gram3-comparative;False
589;простой;проще;сильнее;сильный;единственный;0.797187864780426;: gram3-comparative;False
590;простой;проще;выше;высокий;элементарной;0.7415830492973328;: gram3-comparative;False
591;простой;проще;слабее;слабый;пустой;0.8372851014137268;: gram3-comparative;False
592;простой;проще;шире;широкий;простом;0.7760323286056519;: gram3-comparative;False
593;простой;проще;моложе;молодые;исключая;0.7209230065345764;: gram3-comparative;False
594;простой;проще;хуже;плохой;пустой;0.8527190685272217;: gram3-comparative;False
595;простой;проще;ярче;яркий;ярко;0.79176265001297;: gram3-comparative;False
596;простой;проще;глубже;глубокий;пустой;0.8061781525611877;: gram3-comparative;False
597;простой;проще;легче;легко;простые;0.8703415393829346;: gram3-comparative;False
598;простой;проще;быстрее;быстрый;быстрый;0.8029537200927734;: gram3-comparative;True
599;простой;проще;труднее;трудный;пустой;0.8410816788673401;: gram3-comparative;False
600;простой;проще;тяжелее;тяжелый;пустой;0.8337880969047546;: gram3-comparative;False
601;простой;проще;выше;высокий;элементарной;0.7415830492973328;: gram3-comparative;False
602;простой;проще;ниже;низкий;пустой;0.7593231797218323;: gram3-comparative;False
603;простой;проще;быстрее;быстрый;быстрый;0.8029537200927734;: gram3-comparative;True
604;простой;проще;короче;короткий;простом;0.7901380658149719;: gram3-comparative;False
605;медленный;медленнее;меньше;маленький;небольшой;0.861251711845398;: gram3-comparative;False
606;медленный;медленнее;сильнее;сильный;сильный;0.8893148899078369;: gram3-comparative;True
607;медленный;медленнее;выше;высокий;высоком;0.797207772731781;: gram3-comparative;False
608;медленный;медленнее;слабее;слабый;слабая;0.8903188705444336;: gram3-comparative;False
609;медленный;медленнее;шире;широкий;широкими;0.8308886289596558;: gram3-comparative;False
610;медленный;медленнее;моложе;молодые;старше;0.8327491283416748;: gram3-comparative;False
611;медленный;медленнее;хуже;плохой;плохой;0.8856608867645264;: gram3-comparative;True
612;медленный;медленнее;ярче;яркий;яркой;0.8508124351501465;: gram3-comparative;False
613;медленный;медленнее;глубже;глубокий;глубокий;0.8816269636154175;: gram3-comparative;True
614;медленный;медленнее;легче;легко;тяжело;0.8353501558303833;: gram3-comparative;False
615;медленный;медленнее;быстрее;быстрый;быстрый;0.915830671787262;: gram3-comparative;True
616;медленный;медленнее;труднее;трудный;трудным;0.8800190091133118;: gram3-comparative;False
617;медленный;медленнее;тяжелее;тяжелый;тяжелый;0.9002516865730286;: gram3-comparative;True
618;медленный;медленнее;выше;высокий;высоком;0.797207772731781;: gram3-comparative;False
619;медленный;медленнее;ниже;низкий;низком;0.8368852138519287;: gram3-comparative;False
620;медленный;медленнее;быстрее;быстрый;быстрый;0.915830671787262;: gram3-comparative;True
621;медленный;медленнее;короче;короткий;долгий;0.7975743412971497;: gram3-comparative;False
622;медленный;медленнее;проще;простой;сложная;0.8241453766822815;: gram3-comparative;False
623;маленький;меньше;сильнее;сильный;сильный;0.8435637354850769;: gram3-comparative;True
624;маленький;меньше;выше;высокий;маленького;0.7649617195129395;: gram3-comparative;False
625;маленький;меньше;слабее;слабый;маленькая;0.8638292551040649;: gram3-comparative;False
626;маленький;меньше;шире;широкий;маленькие;0.8113012313842773;: gram3-comparative;False
627;маленький;меньше;моложе;молодые;маленького;0.8128832578659058;: gram3-comparative;False
628;маленький;меньше;хуже;плохой;маленькая;0.8609524369239807;: gram3-comparative;False
629;маленький;меньше;ярче;яркий;яркие;0.8177229166030884;: gram3-comparative;False
630;маленький;меньше;глубже;глубокий;маленькая;0.8049021363258362;: gram3-comparative;False
631;маленький;меньше;легче;легко;маленького;0.7970255613327026;: gram3-comparative;False
632;маленький;меньше;быстрее;быстрый;быстрый;0.8399441838264465;: gram3-comparative;True
633;маленький;меньше;труднее;трудный;маленькая;0.8273813128471375;: gram3-comparative;False
634;маленький;меньше;тяжелее;тяжелый;маленькие;0.8596863150596619;: gram3-comparative;False
635;маленький;меньше;выше;высокий;маленького;0.7649617195129395;: gram3-comparative;False
636;маленький;меньше;ниже;низкий;маленького;0.8307986855506897;: gram3-comparative;False
637;маленький;меньше;быстрее;быстрый;быстрый;0.8399441838264465;: gram3-comparative;True
638;маленький;меньше;короче;короткий;маленькие;0.8125244379043579;: gram3-comparative;False
639;маленький;меньше;проще;простой;маленького;0.811163067817688;: gram3-comparative;False
640;маленький;меньше;медленнее;медленный;медленный;0.8655824065208435;: gram3-comparative;True
641;сильный;сильнее;выше;высокий;упомянуто;0.7985912561416626;: gram3-comparative;False
642;сильный;сильнее;слабее;слабый;слабый;0.9001356959342957;: gram3-comparative;True
643;сильный;сильнее;шире;широкий;широкая;0.8570007085800171;: gram3-comparative;False
644;сильный;сильнее;моложе;молодые;старше;0.824297308921814;: gram3-comparative;False
645;сильный;сильнее;хуже;плохой;плохой;0.8914257287979126;: gram3-comparative;True
646;сильный;сильнее;ярче;яркий;яркой;0.8961930274963379;: gram3-comparative;False
647;сильный;сильнее;глубже;глубокий;глубокий;0.89024418592453;: gram3-comparative;True
648;сильный;сильнее;легче;легко;тяжело;0.8458980917930603;: gram3-comparative;False
649;сильный;сильнее;быстрее;быстрый;быстрый;0.9105194807052612;: gram3-comparative;True
650;сильный;сильнее;труднее;трудный;нелегко;0.8846763968467712;: gram3-comparative;False
651;сильный;сильнее;тяжелее;тяжелый;тяжелый;0.8879333138465881;: gram3-comparative;True
652;сильный;сильнее;выше;высокий;упомянуто;0.7985912561416626;: gram3-comparative;False
653;сильный;сильнее;ниже;низкий;высокого;0.8162288665771484;: gram3-comparative;False
654;сильный;сильнее;быстрее;быстрый;быстрый;0.9105194807052612;: gram3-comparative;True
655;сильный;сильнее;короче;короткий;коротким;0.805248498916626;: gram3-comparative;False
656;сильный;сильнее;проще;простой;влиятельный;0.8358966112136841;: gram3-comparative;False
657;сильный;сильнее;медленнее;медленный;медленный;0.9027385711669922;: gram3-comparative;True
658;сильный;сильнее;меньше;маленький;небольшой;0.8718878030776978;: gram3-comparative;False
659;высокий;выше;слабее;слабый;сильный;0.8285900950431824;: gram3-comparative;False
660;высокий;выше;шире;широкий;высокой;0.8228400349617004;: gram3-comparative;False
661;высокий;выше;моложе;молодые;высоким;0.8257558941841125;: gram3-comparative;False
662;высокий;выше;хуже;плохой;низкая;0.8420498371124268;: gram3-comparative;False
663;высокий;выше;ярче;яркий;высокая;0.8230816721916199;: gram3-comparative;False
664;высокий;выше;глубже;глубокий;глубокое;0.8275455832481384;: gram3-comparative;False
665;высокий;выше;легче;легко;быстрее;0.8174691796302795;: gram3-comparative;False
666;высокий;выше;быстрее;быстрый;быстрый;0.8693281412124634;: gram3-comparative;True
667;высокий;выше;труднее;трудный;высокая;0.8089978694915771;: gram3-comparative;False
668;высокий;выше;тяжелее;тяжелый;тяжелый;0.8164986968040466;: gram3-comparative;True
669;высокий;выше;выше;высокий;высокая;0.9801862835884094;: gram3-comparative;False
670;высокий;выше;ниже;низкий;высоким;0.9243334531784058;: gram3-comparative;False
671;высокий;выше;быстрее;быстрый;быстрый;0.8693281412124634;: gram3-comparative;True
672;высокий;выше;короче;короткий;высокая;0.8363685607910156;: gram3-comparative;False
673;высокий;выше;проще;простой;высокая;0.8370484113693237;: gram3-comparative;False
674;высокий;выше;медленнее;медленный;медленный;0.8490330576896667;: gram3-comparative;True
675;высокий;выше;меньше;маленький;высока;0.8258270025253296;: gram3-comparative;False
676;высокий;выше;сильнее;сильный;высокая;0.8359131813049316;: gram3-comparative;False
677;слабый;слабее;шире;широкий;узким;0.8527395725250244;: gram3-comparative;False
678;слабый;слабее;моложе;молодые;старше;0.8330824971199036;: gram3-comparative;False
679;слабый;слабее;хуже;плохой;плохой;0.9085167050361633;: gram3-comparative;True
680;слабый;слабее;ярче;яркий;явный;0.8304099440574646;: gram3-comparative;False
681;слабый;слабее;глубже;глубокий;глубокий;0.8589867949485779;: gram3-comparative;True
682;слабый;слабее;легче;легко;труднее;0.8514595627784729;: gram3-comparative;False
683;слабый;слабее;быстрее;быстрый;быстрый;0.8825753927230835;: gram3-comparative;True
684;слабый;слабее;труднее;трудный;затруднительно;0.8789424300193787;: gram3-comparative;False
685;слабый;слабее;тяжелее;тяжелый;неудоб;0.8785204291343689;: gram3-comparative;False
686;слабый;слабее;выше;высокий;упомянутый;0.8092950582504272;: gram3-comparative;False
687;слабый;слабее;ниже;низкий;низкого;0.8587751984596252;: gram3-comparative;False
688;слабый;слабее;быстрее;быстрый;быстрый;0.8825753927230835;: gram3-comparative;True
689;слабый;слабее;короче;короткий;коротким;0.8328098058700562;: gram3-comparative;False
690;слабый;слабее;проще;простой;сложно;0.8380052447319031;: gram3-comparative;False
691;слабый;слабее;медленнее;медленный;медленным;0.9059310555458069;: gram3-comparative;False
692;слабый;слабее;меньше;маленький;недостаточным;0.8721519708633423;: gram3-comparative;False
693;слабый;слабее;сильнее;сильный;слабого;0.8841074109077454;: gram3-comparative;False
694;слабый;слабее;выше;высокий;упомянутый;0.8092950582504272;: gram3-comparative;False
695;широкий;шире;моложе;молодые;возрасте;0.7953351140022278;: gram3-comparative;False
696;широкий;шире;хуже;плохой;плохой;0.8458318710327148;: gram3-comparative;True
697;широкий;шире;ярче;яркий;значительный;0.8415665030479431;: gram3-comparative;False
698;широкий;шире;глубже;глубокий;глубокое;0.8746840953826904;: gram3-comparative;False
699;широкий;шире;легче;легко;немал;0.8137542009353638;: gram3-comparative;False
700;широкий;шире;быстрее;быстрый;быстрый;0.8687391877174377;: gram3-comparative;True
701;широкий;шире;труднее;трудный;нелегко;0.8417143225669861;: gram3-comparative;False
702;широкий;шире;тяжелее;тяжелый;тяжелый;0.8624391555786133;: gram3-comparative;True
703;широкий;шире;выше;высокий;высоким;0.8174946308135986;: gram3-comparative;False
704;широкий;шире;ниже;низкий;высоким;0.8421865105628967;: gram3-comparative;False
705;широкий;шире;быстрее;быстрый;быстрый;0.8687391877174377;: gram3-comparative;True
706;широкий;шире;короче;короткий;большая;0.8324975371360779;: gram3-comparative;False
707;широкий;шире;проще;простой;большая;0.8154373168945312;: gram3-comparative;False
708;широкий;шире;медленнее;медленный;медленный;0.8577539324760437;: gram3-comparative;True
709;широкий;шире;меньше;маленький;большим;0.8405571579933167;: gram3-comparative;False
710;широкий;шире;сильнее;сильный;огромный;0.8602398633956909;: gram3-comparative;False
711;широкий;шире;выше;высокий;высоким;0.8174946308135986;: gram3-comparative;False
712;широкий;шире;слабее;слабый;сильный;0.8450181484222412;: gram3-comparative;False
713;молодые;моложе;хуже;плохой;плохие;0.8235507011413574;: gram3-comparative;False
714;молодые;моложе;ярче;яркий;молодой;0.7870578765869141;: gram3-comparative;False
715;молодые;моложе;глубже;глубокий;глубокие;0.779227614402771;: gram3-comparative;False
716;молодые;моложе;легче;легко;быстрее;0.785071849822998;: gram3-comparative;False
717;молодые;моложе;быстрее;быстрый;быстро;0.8217889666557312;: gram3-comparative;False
718;молодые;моложе;труднее;трудный;трудным;0.8066335916519165;: gram3-comparative;False
719;молодые;моложе;тяжелее;тяжелый;тяжело;0.8134603500366211;: gram3-comparative;False
720;молодые;моложе;выше;высокий;молодых;0.8066068887710571;: gram3-comparative;False
721;молодые;моложе;ниже;низкий;молодых;0.8348140716552734;: gram3-comparative;False
722;молодые;моложе;быстрее;быстрый;быстро;0.8217889666557312;: gram3-comparative;False
723;молодые;моложе;короче;короткий;молодых;0.7846025228500366;: gram3-comparative;False
724;молодые;моложе;проще;простой;молодой;0.7758975625038147;: gram3-comparative;False
725;молодые;моложе;медленнее;медленный;медленный;0.8018921613693237;: gram3-comparative;True
726;молодые;моложе;меньше;маленький;молодой;0.7922539710998535;: gram3-comparative;False
727;молодые;моложе;сильнее;сильный;сильный;0.8010767102241516;: gram3-comparative;True
728;молодые;моложе;выше;высокий;молодых;0.8066068887710571;: gram3-comparative;False
729;молодые;моложе;слабее;слабый;сильные;0.808681845664978;: gram3-comparative;False
730;молодые;моложе;шире;широкий;молодыми;0.7762606143951416;: gram3-comparative;False
731;китай;китайский;египетский;египет;египет;0.9317177534103394;: gram6-nationality-adjective;True
732;китай;китайский;израильский;израиль;израильского;0.9321919083595276;: gram6-nationality-adjective;False
733;китай;китайский;русский;россия;русского;0.9142784476280212;: gram6-nationality-adjective;False
734;египет;египетский;израильский;израиль;израиль;0.9142730832099915;: gram6-nationality-adjective;True
735;египет;египетский;русский;россия;русская;0.8938028216362;: gram6-nationality-adjective;False
736;египет;египетский;китайский;китай;китай;0.9312115907669067;: gram6-nationality-adjective;True
737;израиль;израильский;русский;россия;русская;0.9064926505088806;: gram6-nationality-adjective;False
738;израиль;израильский;китайский;китай;китайская;0.9274536967277527;: gram6-nationality-adjective;False
739;израиль;израильский;египетский;египет;египетская;0.9180236458778381;: gram6-nationality-adjective;False
740;россия;русский;китайский;китай;китайская;0.8809451460838318;: gram6-nationality-adjective;False
741;россия;русский;египетский;египет;египетская;0.8622148633003235;: gram6-nationality-adjective;False
742;россия;русский;израильский;израиль;израиль;0.8689092993736267;: gram6-nationality-adjective;True
